{"time": 0.45, "position": {"q0": 1.0, "q1": 0.0, "q2": 0.0, "q3": 0.0, "x": 0.33527999999989, "y": 0.0, "z": 0.04888322727273736}, "velocity": {"rx": 0.0, "ry": 0.0, "rz": 0.0, "vx": -40.2336, "vy": 0.0, "vz": -6.089982272727225}}