{"time": 0.45, "position": {"q0": 1.0, "q1": 0.0, "q2": 0.0, "q3": 0.0, "x": 0.3352799999999528, "y": 0.0, "z": 0.6399606613636947}, "velocity": {"rx": 0.0, "ry": 0.0, "rz": 0.0, "vx": -40.2336, "vy": 0.0, "vz": -4.780891363636334}}